관광지명(소재지역),위도,경도,주소
가일미술관,37.66040328,127.3794818,경기 가평군 청평면 삼회리 609-6
가평사계절썰매장,37.75486495,127.4021687,경기 가평군 상면 덕현리 159-1
가평삼회생태복원지구,37.69954793,127.3929435,경기 가평군 청평면 삼회리 178-2
가평향교,37.82997138,127.5075972,경기 가평군 가평읍 읍내리 551-2
가평현암농경유물박물관,37.88038002,127.5481859,경기 가평군 북면 이곡리 13-45
강씨봉자연휴양림,37.96966612,127.4090689,경기 가평군 북면 적목리 324
강촌레일파크(가평역),37.82897063,127.5158437,경기 가평군 가평읍 읍내리 395-1
국립유명산자연휴양림,37.59293356,127.4910548,경기 가평군 설악면 가일리 산 35
귀목봉,37.94434845,127.3968875,경기 가평군 북면 적목리
꿈의동산,37.78366477,127.4865642,경기 가평군 청평면 상천리 3
나인포레스트이화원,37.81799202,127.5186407,경기 가평군 가평읍 대곡리 57-3
남송미술관,37.9045153,127.4723055,경기 가평군 북면 백둔리 198-9
대성리국민관광지,37.68005415,127.379854,경기 가평군 청평면 대성리 601-6
대원사(가평),37.89479761,127.5021677,경기 가평군 북면 제령리 656-2
명지계곡,37.93594351,127.4862354,경기 가평군 북면 도대리 623
명지산생태전시관,37.9360394,127.4876636,경기 가평군 북면 도대리 240-6
백련사(가평),37.78420859,127.3498448,경기 가평군 상면 연하리 366
쁘띠프랑스,37.71499518,127.4905368,경기 가평군 청평면 고성리 616-2
산장관광지,37.75431234,127.4119155,경기 가평군 상면 덕현리 20-13
아침고요가족동물원,37.74813831,127.3615888,경기 가평군 상면 임초리 622-13
아침고요수목원,37.74300402,127.3516612,경기 가평군 상면 행현리 622-4
어비계곡,37.58246877,127.5323812,경기 양평군 옥천면 용천리 86
에델바이스스위스테마파크,37.66778896,127.4474799,경기 가평군 설악면 이천리 304-31
용추계곡,37.85987297,127.4791796,경기 가평군 가평읍 승안리 산 223
월사집목판,37.80392913,127.3335592,경기 가평군 상면 태봉리 산 115-1
유명산,37.57528381,127.4865726,경기 가평군 설악면 가일리 산 58-1
유명산계곡,37.58035859,127.4989874,경기 가평군 설악면 가일리
이방실장군묘,37.81053422,127.4869188,경기 가평군 가평읍 하색리 산 81
이정구선생묘,37.80434919,127.3328435,경기 가평군 상면 태봉리 산 115-1
이천보고가,37.79857146,127.3480868,경기 가평군 상면 연하리 226
인터렉티브아트뮤지엄,37.74349646,127.5106367,경기 가평군 가평읍 복장리 140
자라섬,37.81575236,127.5279467,경기 가평군 가평읍 달전리 30
자연과별천문대,37.91294828,127.4740424,경기 가평군 북면 백둔리 122-3
조무락계곡,37.98768013,127.4488467,경기 가평군 북면 적목리
조종암,37.80107658,127.3749466,경기 가평군 조종면 대보리 산 176-1
청평자연휴양림,37.71081495,127.4084674,경기 가평군 청평면 삼회리 33-1
청평호반,37.73426709,127.417218,경기 가평군 청평면 청평리 80-7
청평호반매운탕촌,37.72238909,127.4251955,경기 가평군 설악면 회곡리
칼봉산자연휴양림,37.83727358,127.4648149,경기 가평군 가평읍 경반리 산 137
통방산,37.63368852,127.4560304,경기 가평군 설악면 천안리 산 71-5
피노키오와다빈치,37.71691237,127.4907695,경기 가평군 청평면 고성리 617
한국초콜릿연구소뮤지엄,37.6897713,127.3784013,경기 가평군 청평면 대성리 산 182-3
현등사(가평),37.87066846,127.3308231,경기 가평군 조종면 운악리 산 163
호명호수공원,37.76052815,127.4660717,경기 가평군 청평면 상천리 1431-1
화악터널쌈지공원,37.99699402,127.5261865,경기 가평군 북면 화악리 산 228-1
화야산,37.67157269,127.4279114,경기 가평군 청평면 삼회리 산 69
고려공양왕릉,37.68030013,126.8390295,경기 고양시 덕양구 원당동 산 65-1
고양대덕생태공원,37.5895307,126.8385594,경기 고양시 덕양구 현천동 770
고양벽제관지,37.70425823,126.9004083,경기 고양시 덕양구 고양동 55-1
고양어린이박물관,37.62947709,126.8309554,경기 고양시 덕양구 화정동 1003
고양향교,37.70373095,126.8949795,경기 고양시 덕양구 고양동 306
국녕사(경기),37.6469884,126.9623668,경기 고양시 덕양구 북한동 416-8
국립여성사전시관,37.6357346,126.834254,경기 고양시 덕양구 화정동 964
덕양서원(고양),37.65481439,126.8452845,경기 고양시 덕양구 성사동 433
무량사(경기),37.71480263,127.3247303,경기 남양주시 수동면 입석리 441-1
배다골테마파크,37.63092,126.8478184,경기 고양시 덕양구 화정동 6-1
북한산성,37.64610321,126.9610778,경기 고양시 덕양구 북한동 산 1-1
상운사(경기),37.65652274,126.9690346,경기 고양시 덕양구 북한동 370
성라공원,37.65058335,126.8398619,경기 고양시 덕양구 성사동 342-10
성령대군묘,37.69992948,126.8823075,경기 고양시 덕양구 대자동 산 69-1
스타필드고양,37.6470787,126.8954298,경기 고양시 덕양구 동산동 370
여래사,37.65949009,126.7822593,경기 고양시 일산동구 마두동 810
원당종마목장(렛츠런팜원당),37.66379134,126.8719988,경기 고양시 덕양구 원당동 201-79
월산대군사당,37.67613927,126.8728368,경기 고양시 덕양구 신원동 427
중흥사(고양),37.64604415,126.9761096,경기 고양시 덕양구 북한동 259
최영장군묘,37.70136921,126.8859475,경기 고양시 덕양구 대자동 산 70-2
충장체육공원,37.61473822,126.8244195,경기 고양시 덕양구 행주내동 639
행주산성,37.59610126,126.8287096,경기 고양시 덕양구 행주내동 65-3
흥국사(고양),37.66375539,126.9399141,경기 고양시 덕양구 지축동 203
고양선인장전시관,37.6575036,126.7613879,경기 고양시 일산동구 장항동 906
고양화장실전시관,37.65654155,126.7623769,경기 고양시 일산동구 장항동 906
마크트할레,37.64337543,126.7893722,경기 고양시 일산동구 백석동 1242
안곡습지공원,37.68448279,126.7834923,경기 고양시 일산동구 중산동 1712
용강서원(고양),37.71019914,126.7814533,경기 고양시 일산동구 성석동 1381
이한농원,37.64494241,126.7540687,경기 고양시 일산동구 장항동 502-110
일산어린이천문대,37.70015155,126.7914387,경기 고양시 일산동구 성석동 933-1
일산호수공원,37.65613604,126.7641415,경기 고양시 일산동구 장항동 906
장안정사,37.6602915,126.8024732,경기 고양시 일산동구 풍동 138-6
정발산공원,37.66300866,126.7785192,경기 고양시 일산동구 마두동 819
중산체육공원,37.6917997,126.7786864,경기 고양시 일산동구 중산동
풍동애니골,37.67174559,126.789419,경기 고양시 일산동구 풍동 1127-13
고양생태공원,37.68494366,126.7441381,경기 고양시 일산서구 대화동 2330
고양피크닉시민공원,37.68514464,126.7487765,경기 고양시 일산서구 대화동 2337
아쿠아플라넷일산,37.66378755,126.7554856,경기 고양시 일산서구 대화동 2606-1
원각사(고양),37.69712091,126.7665653,경기 고양시 일산서구 탄현동 1477
원마운트워터파크,37.66452571,126.7543044,경기 고양시 일산서구 대화동 2606
일산역전시관,37.68301197,126.7685639,경기 고양시 일산서구 일산동 655-628
킨텍스,37.66955186,126.7464511,경기 고양시 일산서구 대화동 2600
현대모터스튜디오고양,37.66627183,126.7474937,경기 고양시 일산서구 대화동 2601
과천향교,37.43374148,126.9876118,경기 과천시 중앙동 81
관문체육공원,37.44204583,126.9962754,경기 과천시 관문동 3
국립과천과학관,37.43803172,127.0058182,경기 과천시 과천동 758
국립현대미술관(과천관),37.43128966,127.0200799,경기 과천시 막계동 산 48-3
렛츠런파크서울,37.44760949,127.015826,경기 과천시 주암동 685
문원체육공원,37.42747461,127.0032945,경기 과천시 문원동 30
보광사(과천),37.42247848,126.9851373,경기 과천시 갈현동 산 126-21
서울대공원,37.43645157,127.0138983,경기 과천시 막계동 159-1
서울랜드,37.43390283,127.0187021,경기 과천시 막계동 108
아해박물관,37.45762963,127.0299744,경기 과천시 주암동 97-2
연주암,37.44180288,126.9651412,경기 과천시 중앙동 85-1
온온사,37.43636204,126.9924339,경기 과천시 관문동 107-5
용마골소공원,37.44685712,126.9933697,경기 과천시 과천동 549-23
주암체육소공원,37.46111422,127.0319652,경기 과천시 주암동 53
추사박물관(과천),37.45260228,127.0287473,경기 과천시 주암동 184-2
한국카메라박물관,37.4350791,127.0056541,경기 과천시 막계동 330
가학동지석묘,37.40852435,126.8569125,경기 광명시 가학동 산 104
광명새마을시장,37.47383641,126.8505477,경기 광명시 광명동 262
광명업사이클아트센터,37.46372523,126.8703546,경기 광명시 하안동 577
광명전통시장,37.47962809,126.8563564,경기 광명시 광명동 158-961
구름산산림욕장(구름산도시자연공원),37.45307349,126.8753944,경기 광명시 하안동 산 141-7
금강정사,37.44157036,126.8729636,경기 광명시 소하동 341-2
기형도문화공원,37.42586895,126.8831468,경기 광명시 일직동 499
도덕산공원,37.46894462,126.8584343,경기 광명시 광명동 산 75
새빛공원,37.4160169,126.8884036,경기 안양시 만안구 박달동 940
안터생태공원,37.45858924,126.8701453,경기 광명시 하안동 862
충현박물관,37.43356406,126.8782153,경기 광명시 소하동 1084
개원사(경기),37.47443456,127.1851686,경기 광주시 남한산성면 산성리 198-5
경기광주망월사,37.47833446,127.1961311,경기 광주시 남한산성면 산성리 14
경안근린공원,37.40857432,127.2522443,경기 광주시 경안동 168-1
경안시장,37.40885774,127.2570299,경기 광주시 경안동 33-16
경안천습지생태공원,37.4574862,127.3031026,경기 광주시 퇴촌면 정지리 571-2
곤지암도자공원,37.35196833,127.3273482,경기 광주시 곤지암읍 삼리 72-1
곤지암리조트,37.33798164,127.2940917,경기 광주시 도척면 도웅리 534
곤지암생활체육공원,37.36074798,127.321406,경기 광주시 곤지암읍 삼리 612-14
광남생활체육공원,37.3889223,127.236943,경기 광주시 태전동 3
광주용화선원,37.36198586,127.1952093,경기 광주시 문형동 11-9
국청사(경기),37.4838428,127.1769968,경기 광주시 남한산성면 산성리 803
극락사(경기),37.37320983,127.2715218,경기 광주시 양벌동 825-2
남한산성,37.4789872,127.1800244,경기 광주시 남한산성면 산성리 산 23
남한산성전통음식마을,37.47581691,127.190707,경기 광주시 남한산성면 산성리
닻미술관,37.38033964,127.2711185,경기 광주시 초월읍 대쌍령리 447-32
도척그린공원,37.29558792,127.3271331,경기 광주시 도척면 유정리 651-7
만해기념관,37.47731726,127.1808524,경기 광주시 남한산성면 산성리 912-1
박물관얼굴,37.49395445,127.3020422,경기 광주시 남종면 분원리 68
분원백자자료관,37.49625742,127.3034492,경기 광주시 남종면 분원리 116-1
수어장대,37.47985379,127.1765578,경기 광주시 남한산성면 산성리 815-1
앵자봉,37.41577762,127.3981334,경기 광주시 퇴촌면 우산리 산 173-1
영은미술관,37.41304695,127.269011,경기 광주시 쌍령동 7-13
오포생활체육공원,37.37126514,127.2443837,경기 광주시 양벌동 592-3
율봄식물원,37.47082417,127.2706762,경기 광주시 퇴촌면 도마리 102-3
의안대군방석묘역,37.48083553,127.2168277,경기 광주시 남한산성면 엄미리 산 152
일본군'위안부'역사관,37.44303384,127.3219023,경기 광주시 퇴촌면 원당리 65
자전거생태공원,37.38938577,127.2507572,경기 광주시 양벌동 1048-42
장경사(경기),37.47513847,127.1978185,경기 광주시 남한산성면 산성리 22-1
정충묘,37.38785103,127.2862091,경기 광주시 초월읍 대쌍령리
중대물빛공원,37.40045497,127.2203681,경기 광주시 중대동 92
청석공원,37.41046413,127.2624211,경기 광주시 쌍령동 480-1
초월생활체육공원,37.3653383,127.3165398,경기 광주시 초월읍 늑현리 193-2
침괘정,37.47866464,127.1835329,경기 광주시 남한산성면 산성리 591-1
태화산(경기),37.29215532,127.2936775,경기 광주시 도척면 유정리 산 15
퇴촌식물원,37.46730369,127.3260803,경기 광주시 퇴촌면 도수리 290
팀업캠퍼스,37.3525642,127.3236375,경기 광주시 곤지암읍 삼리 682
팔당물안개공원,37.51057566,127.316003,경기 광주시 남종면 귀여리
팔당호,37.50863396,127.290764,경기 남양주시 조안면 능내리 825
풀짚공예박물관,37.3642374,127.1651244,경기 광주시 신현동 331-5
현절사,37.47779907,127.1907392,경기 광주시 남한산성면 산성리 310-1
화담숲,37.34136724,127.2891631,경기 광주시 도척면 도웅리 산 33
곤충생태관,37.59024114,127.1611093,경기 구리시 수택동 258
구리농수산물도매시장,37.61249522,127.1447006,경기 구리시 인창동 127
구리명빈묘,37.57061616,127.116239,경기 구리시 아천동 산 14
구리시민한강공원(코스모스공원),37.57562564,127.1425825,경기 구리시 토평동
구리역공원,37.60593093,127.136885,경기 구리시 인창동 309-2
구리왕숙체육공원,37.63641121,127.1474434,경기 구리시 사노동 37-3
구리타워,37.58889827,127.1600715,경기 구리시 토평동 6
남양주한강체육공원(남양주수석동체육공원),37.58533766,127.1702943,경기 남양주시 수석동 442
돌다리곱창골목,37.59961875,127.1413374,경기 구리시 수택동 408
장자호수공원,37.58580483,127.1412795,경기 구리시 수택동 878
장자호수생태체험관,37.58308339,127.138607,경기 구리시 교문동 536-1
갈치저수지,37.33376649,126.9067152,경기 군포시 속달동 151
군포역전시장,37.35386663,126.9476656,경기 군포시 당동 750-9
군포중앙공원,37.36190622,126.9297287,경기 군포시 산본동 1122
매쟁이골,37.3429444,126.8990524,경기 군포시 속달동 275
반월호수,37.32146656,126.8900058,경기 군포시 둔대동 555-3
산본IC체육공원,37.37631873,126.929232,경기 군포시 산본동 1057
산본시장,37.37002742,126.9382423,경기 군포시 산본동 251-4
수리산상상마을,37.35883513,126.9179381,경기 군포시 산본동 1151-10
철쭉동산,37.35543392,126.924967,경기 군포시 산본동 1152-14
초막골생태공원,37.34910089,126.9186078,경기 군포시 산본동 856
한우물근린공원,37.35885877,126.9553276,경기 군포시 당정동 181-44
CICA미술관,37.60819357,126.5977616,경기 김포시 양촌읍 학운리 1556
걸포중앙공원,37.6380482,126.7064348,경기 김포시 걸포동 1553
금정사(김포),37.60717096,126.708409,경기 김포시 풍무동 669
김포국제조각공원,37.72106898,126.5540237,경기 김포시 월곶면 고막리 435-14
김포대명항,37.63937221,126.5417278,경기 김포시 대곶면 대명리 551-5
김포덕포진,37.65103925,126.5355823,경기 김포시 대곶면 신안리 산 105
김포독립운동기념관,37.65335871,126.6296424,경기 김포시 양촌읍 양곡리 1331
김포레코파크,37.64421752,126.7091027,경기 김포시 걸포동 2-77
김포문수산,37.73973886,126.5488426,경기 김포시 월곶면 조강리 산 33-1
김포수안산성,37.63862,126.5889552,경기 김포시 대곶면 상마리 산 27
김포아트빌리지,37.64649432,126.6958908,경기 김포시 운양동 1325-10
김포한강야생조류생태공원,37.65742102,126.6888335,경기 김포시 운양동 1246-1
김포함상공원,37.64061681,126.5392728,경기 김포시 대곶면 대명리
김포향교,37.62466104,126.7099356,경기 김포시 북변동 371-1
다도박물관,37.7375528,126.5744364,경기 김포시 월곶면 개곡리 832
대포서원(김포),37.61703257,126.6292291,경기 김포시 양촌읍 대포리 산 32-3
덕포진교육박물관,37.65069119,126.5387256,경기 김포시 대곶면 신안리 232-1
문수산산림욕장,37.73734426,126.5333771,경기 김포시 월곶면 성동리 산 38
보름산미술관(김포),37.596307,126.7605417,경기 김포시 고촌읍 신곡리 893-1
서암체육공원,37.70506378,126.5953687,경기 김포시 통진읍 서암리 151-4
애기봉평화생태공원,37.74452419,126.5948159,경기 김포시 하성면 가금리 193-7
외할머니의부엌,37.64997501,126.5389793,경기 김포시 대곶면 신안리 222
용화사(김포),37.66441649,126.6755619,경기 김포시 운양동 831
은여울공원,37.63502224,126.6369751,경기 김포시 마산동 673-1
작은미술관보구곶,37.75757563,126.5298241,경기 김포시 월곶면 보구곶리 795-2
태산패밀리파크,37.72463405,126.6297449,경기 김포시 하성면 석탄리 491-1
통진향교,37.71694968,126.5502058,경기 김포시 월곶면 군하리 220
한강신도시호수공원,37.64683198,126.6357075,경기 김포시 마산동 617-2
한강중앙공원,37.64338917,126.6748058,경기 김포시 장기동 2001-1
한재당,37.74027129,126.594189,경기 김포시 하성면 가금리 223-1
광해군묘,37.6578983,127.2050342,경기 남양주시 진건읍 송능리 337-4
남양주구팔당역,37.54347421,127.2509057,경기 남양주시 와부읍 팔당리 342
남양주물의정원,37.55685359,127.3149941,경기 남양주시 조안면 진중리 95
남양주시립박물관,37.54641798,127.2443614,경기 남양주시 와부읍 팔당리 237-3
남양주한강변시민공원,37.58918186,127.2050674,경기 남양주시 삼패동 136-3
능내역폐역,37.52364447,127.2962658,경기 남양주시 조안면 능내리 131-1
다산생태공원,37.51375882,127.2976519,경기 남양주시 조안면 능내리 56-9
다산중앙공원,37.62510312,127.1597662,경기 남양주시 다산동 6046
대가농원,37.51563203,127.2997757,경기 남양주시 조안면 능내리 27-27
더드림딸기체험농장,37.58036385,127.3315268,경기 남양주시 조안면 삼봉리 514
덕소자연사박물관,37.57994148,127.2303695,경기 남양주시 와부읍 도곡리 619-4
모란미술관,37.65053824,127.3242871,경기 남양주시 화도읍 월산리 246-1
몽골문화촌,37.75792335,127.2753503,경기 남양주시 수동면 내방리 254
묘적사,37.62369044,127.261242,경기 남양주시 와부읍 월문리 223
물맑음수목원,37.70580378,127.2956013,경기 남양주시 수동면 지둔리 129
미음나루터,37.58650954,127.1698848,경기 남양주시 수석동 369-15
미호박물관,37.59269966,127.1806014,경기 남양주시 수석동 3-1
백봉산,37.63891396,127.2581501,경기 남양주시 평내동 산 97-1
별내체육공원,37.65945471,127.123983,경기 남양주시 별내동 908
봉선사(경기),37.74713161,127.1837423,경기 남양주시 진접읍 부평리 255
봉영사(남양주시),37.71258232,127.1594662,경기 남양주시 진접읍 내각리 148
봉인사(경기),37.66187504,127.2181964,경기 남양주시 진건읍 송능리 306
불암사(남양주),37.65862249,127.0988734,경기 남양주시 별내동 797
산들소리수목원,37.65107359,127.1015513,경기 남양주시 별내동 785-1
서호미술관,37.63272726,127.3514819,경기 남양주시 화도읍 금남리 571-17
석천암(남양주),37.66174575,127.0961451,경기 남양주시 별내동 산 97-2
수동국민관광지,37.7500956,127.2731018,경기 남양주시 수동면 내방리 27-1
수종사,37.57105042,127.3022853,경기 남양주시 조안면 송촌리 1060
수진사(경기),37.67156605,127.2507832,경기 남양주시 호평동 342-1
약대울체육공원,37.65151904,127.2305813,경기 남양주시 평내동 466-4
오남호수공원,37.69403717,127.2249394,경기 남양주시 오남읍 오남리 산 50-2
왈츠와닥터만커피박물관,37.59185743,127.3383148,경기 남양주시 조안면 삼봉리 272-6
우석헌자연사박물관,37.69787262,127.1610856,경기 남양주시 진접읍 내각리 587
운길산,37.57260527,127.2945477,경기 남양주시 조안면 진중리 산 1-1
천마산군립공원,37.66356621,127.2922966,경기 남양주시 화도읍 묵현리 211-2
천보사(경기),37.65677995,127.0956344,경기 남양주시 별내동 797-1
청학밸리리조트,37.7029883,127.1052962,경기 남양주시 별내면 청학리 543-4
축령산,37.75270302,127.3339612,경기 가평군 상면 행현리
축령산자연휴양림,37.75460711,127.3131594,경기 남양주시 수동면 외방리 281
프라움악기박물관,37.56837314,127.2273704,경기 남양주시 와부읍 도곡리 504-41
한강뮤지엄,37.55339829,127.2366954,경기 남양주시 와부읍 팔당리 784
흥국사(남양주),37.68454571,127.0985949,경기 남양주시 별내동 2331
경기북부어린이박물관,37.94476415,127.0643926,경기 동두천시 상봉암동 162
니지모리스튜디오,37.87920222,127.092002,경기 동두천시 탑동동 885-12
동두천자연휴양림,37.88989751,127.1371931,경기 동두천시 탑동동 산 16
동두천중앙시장,37.90668674,127.0537208,경기 동두천시 생연동 606-14
자유수호평화박물관,37.94249104,127.0660925,경기 동두천시 상봉암동 162-10
자재암(경기),37.94567434,127.0864965,경기 동두천시 상봉암동 산 1-1
골안사,37.3445844,127.1303172,경기 성남시 분당구 구미동 산 53
금호행복시장,37.37583162,127.1168997,경기 성남시 분당구 수내동 32
낙생대공원,37.38825813,127.1058527,경기 성남시 분당구 백현동
능골공원,37.37039323,127.1167016,경기 성남시 분당구 정자동 103
다시쓰는세상순환자원홍보관,37.37846399,127.0474977,경기 성남시 분당구 석운동 5-31
대광사(성남),37.34667145,127.127593,경기 성남시 분당구 구미동 295
돌고래시장,37.37116662,127.121756,경기 성남시 분당구 수내동 53
맹산생태학습원,37.4052243,127.142015,경기 성남시 분당구 야탑동 422-3
분당중앙공원,37.37759355,127.1244309,경기 성남시 분당구 수내동 65
성남마루공원,37.38237982,127.1136534,경기 성남시 분당구 수내동 49-1
신해철거리(성남),37.36573341,127.1269265,경기 성남시 분당구 수내동 125-3
운중저수지,37.39278458,127.0481888,경기 성남시 분당구 운중동 542
원적정사,37.3981711,127.1642908,경기 성남시 분당구 야탑동 산 71-31
율동공원,37.37912917,127.1519514,경기 성남시 분당구 율동 318
정자동카페골목,37.37015089,127.1061388,경기 성남시 분당구 정자동 97-3
책테마파크,37.37932763,127.1482202,경기 성남시 분당구 율동 318
천은정사,37.38100677,127.1434056,경기 성남시 분당구 서현동 39
판교공원,37.39748053,127.0889061,경기 성남시 분당구 판교동 553
판교박물관,37.40107222,127.0955614,경기 성남시 분당구 판교동 499
판교환경생태학습원,37.39959119,127.1038176,경기 성남시 분당구 삼평동 637
하얀마음선원관음사,37.39663457,127.1337817,경기 성남시 분당구 이매동 60-1
화랑공원,37.39756412,127.1055947,경기 성남시 분당구 삼평동 639
황새울공원,37.3840044,127.1182222,경기 성남시 분당구 수내동 42
단대동닭죽촌,37.46182651,127.1559843,경기 성남시 수정구 단대동 산 164-3
대왕저수지,37.43135635,127.0861904,경기 성남시 수정구 상적동 39
망경암,37.45348212,127.1371899,경기 성남시 수정구 복정동 553-1
봉국사(성남),37.45071539,127.1353834,경기 성남시 수정구 태평동 216-2
성남종합시장,37.43063515,127.1274925,경기 성남시 중원구 성남동 4214
성남중앙공설시장,37.44138819,127.1321166,경기 성남시 수정구 태평동 3681
수진공원,37.43633631,127.1253982,경기 성남시 수정구 수진동 산 41-3
영장근린공원,37.45111599,127.1380286,경기 성남시 수정구 태평동 215
위례스토리박스,37.46318839,127.1420455,경기 성남시 수정구 창곡동 594
정토사(성남),37.42655601,127.0677705,경기 성남시 수정구 상적동 338
탄천민물고기습지생태원,37.44780534,127.1183982,경기 성남시 수정구 태평동 7027-1
대원공원,37.43495383,127.1538946,경기 성남시 중원구 하대원동 537-16
둔촌이집묘역,37.42792434,127.1550891,경기 성남시 중원구 하대원동 243-11
사기막골공원,37.44563956,127.1825877,경기 성남시 중원구 상대원동 28
상대원시장,37.43620156,127.1587921,경기 성남시 중원구 상대원동 2985-1
성호시장,37.43800434,127.1441425,경기 성남시 중원구 성남동 2090
약사사(경기),37.00858803,126.935181,경기 평택시 안중읍 용성리 376-1
은행공원,37.49638145,126.7906429,경기 부천시 원미구 원미동 57
은행시장,37.45738913,127.1645469,경기 성남시 중원구 은행동 1553
은행식물원,37.45306057,127.167182,경기 성남시 중원구 은행동 1932
하대원공설시장,37.42745039,127.1422061,경기 성남시 중원구 하대원동 266-1
황송공원,37.44592211,127.1738698,경기 성남시 중원구 금광동
경기상상캠퍼스,37.26665063,126.9840721,경기 수원시 권선구 서둔동 103-25
고렴공원,37.24068367,127.0290273,경기 수원시 권선구 곡반정동 546
고색뉴지엄,37.24000319,126.9740204,경기 수원시 권선구 고색동 979
권선종합시장,37.25605644,127.0248624,경기 수원시 권선구 권선동 1051
대부둑공원,37.25562263,126.9695422,경기 수원시 권선구 고색동 896-16
마중공원,37.23655142,127.0207088,경기 수원시 권선구 권선동 225-6
무궁화동산(수원),37.26174903,126.947106,경기 수원시 권선구 호매실동 959
서울대수원수목원,37.26229661,126.9827518,경기 수원시 권선구 서둔동 92-6
수원농수산물도매시장,37.25548809,127.0315399,경기 수원시 권선구 권선동 1229
수원올림픽공원,37.26144763,127.0277907,경기 수원시 권선구 권선동 1012
수원용화사,37.26109817,126.9372548,경기 수원시 권선구 호매실동 905-2
여기산공원,37.28130502,126.9830767,경기 수원시 권선구 서둔동 256-2
오목호수공원,37.24821379,126.9646455,경기 수원시 권선구 오목천동 1171
중보들공원,37.24752006,126.987178,경기 수원시 권선구 고색동 521
광교역사공원,37.29669169,127.0521245,경기 수원시 영통구 이의동 산 13-77
광교중앙공원,37.29471613,127.0607126,경기 수원시 영통구 이의동 1302
광교프라이부르크전망대,37.2806472,127.0659819,경기 수원시 영통구 하동 1024
광교호수공원,37.28422019,127.0669254,경기 수원시 영통구 하동 1020
구매탄시장,37.27259123,127.0417057,경기 수원시 영통구 매탄동 172-128
매탄공원,37.26823605,127.0453674,경기 수원시 영통구 매탄동 811
반달공원,37.25093287,127.0788698,경기 수원시 영통구 영통동 1012-4
방죽공원,37.24424939,127.0519249,경기 수원시 영통구 망포동 737
성죽공원,37.30948747,127.0474576,경기 수원시 영통구 이의동 1213
수원광교박물관,37.29636403,127.0514115,경기 수원시 영통구 이의동 403-2
수원박물관,37.29773947,127.0354103,경기 수원시 영통구 이의동 1088-10
수원반야사,37.25727843,127.0809326,경기 수원시 영통구 영통동 195-25
아쿠아플라넷광교,37.2842932,127.0583677,경기 수원시 영통구 하동 1017-4
영통어린이교통공원,37.24541731,127.0627559,경기 수원시 영통구 영통동 981-4
지도박물관,37.27613943,127.0551547,경기 수원시 영통구 원천동 111
만석공원,37.30045508,127.0014437,경기 수원시 장안구 송죽동 434
밤밭청개구리공원,37.30695337,126.9708209,경기 수원시 장안구 율전동 124-1
보현선원,37.30821509,127.0189845,경기 수원시 장안구 조원동 25
북수원시장,37.30704681,126.992183,경기 수원시 장안구 파장동 572-35
수원사(수원),37.28022705,127.0190384,경기 수원시 팔달구 남수동 92-1
연무시장,37.2954603,127.0268423,경기 수원시 장안구 연무동 269
장안문거북시장,37.29156915,127.0138208,경기 수원시 장안구 영화동 273-5
정자시장,37.29094014,126.9996966,경기 수원시 장안구 정자동 74-1
청련암(수원),37.30109796,127.0231944,경기 수원시 장안구 조원동 474-1
해우재,37.31867556,126.9779013,경기 수원시 장안구 이목동 184-6
효행공원,37.32461656,126.9872822,경기 수원시 장안구 파장동 39-6
나혜석거리,37.26386421,127.0346549,경기 수원시 팔달구 인계동 1140
매산시장,37.26714902,127.0036393,경기 수원시 팔달구 매산로2가 97-1
못골종합시장(못골시장),37.27546918,127.0212674,경기 수원시 팔달구 지동 380
서호공원,37.2804841,126.9905597,경기 수원시 팔달구 화서동 436-1
서호꽃뫼공원,37.2837493,126.9886242,경기 수원시 팔달구 화서동 410
수원공방거리,37.2785877,127.015335,경기 수원시 팔달구 남창동
수원시립아이파크미술관,37.28268556,127.0158771,경기 수원시 팔달구 신풍동 238-1
수원역전시장,37.26549834,127.0025062,경기 수원시 팔달구 매산로1가 57-3
수원영동시장,37.27689326,127.0186858,경기 수원시 팔달구 영동 8
수원월드컵경기장(봉녕사),37.29148204,127.0374644,경기 수원시 팔달구 우만동 248
수원통닭거리,37.27952174,127.0177516,경기 수원시 팔달구 남수동 158-2
수원향교,37.27284665,127.0121047,경기 수원시 팔달구 교동 43
수원화령전,37.28325903,127.0124266,경기 수원시 팔달구 신풍동 123
수원화성박물관,37.28271753,127.0190255,경기 수원시 팔달구 매향동 49
숙지공원,37.2846869,126.9976184,경기 수원시 팔달구 화서동 250-1
인계예술공원,37.25861789,127.0361856,경기 수원시 팔달구 인계동 1128
창룡문,37.28779104,127.0251435,경기 수원시 팔달구 남수동
팔달공원,37.2776043,127.0103645,경기 수원시 팔달구 고등동 42-139
팔달사(수원),37.27645404,127.015312,경기 수원시 팔달구 팔달로3가 116
화서공원,37.28470829,127.0078486,경기 수원시 팔달구 화서동 26-35
화성어차,37.28787791,127.0233392,경기 수원시 팔달구 매향동 3-32
화성행궁,37.2819145,127.0140412,경기 수원시 팔달구 남창동 6-2
효원공원,37.26425595,127.0382717,경기 수원시 팔달구 인계동 1117
거북섬,37.32081415,126.6788059,경기 시흥시 정왕동 2727
관곡지,37.4023682,126.8044285,경기 시흥시 하중동 208
맑은물상상누리,37.33725747,126.6967279,경기 시흥시 정왕동 2163
물왕저수지,37.38117744,126.8367342,경기 시흥시 산현동 188
배곧생명공원,37.37140953,126.7214806,경기 시흥시 배곧동 187
법륭사,37.39629219,126.8041687,경기 시흥시 하중동 849
비둘기공원,37.44161776,126.7940387,경기 시흥시 은행동 25-27
산들공원,37.34693188,126.7803392,경기 시흥시 거모동 1354
삼미시장,37.44048386,126.784204,경기 시흥시 신천동 798
소래산내원사,37.44572926,126.7815875,경기 시흥시 신천동 314-156
소래산산림욕장,37.45054348,126.7831151,경기 시흥시 대야동 산 140-6
소산서원,37.44517818,126.7769468,경기 시흥시 신천동 산 12
시흥갯골생태공원,37.39069042,126.7809839,경기 시흥시 장곡동 724-32
시흥배곧한울공원,37.35465713,126.7020249,경기 시흥시 배곧동 307
시흥에코센터초록배곧,37.33760738,126.7391913,경기 시흥시 정왕동 2133
시흥오이도박물관,37.33553858,126.6909132,경기 시흥시 정왕동 2202-6
시흥프리미엄아울렛,37.3797815,126.7370807,경기 시흥시 배곧동 36
연꽃테마파크,37.40224755,126.8072252,경기 시흥시 하중동 271
오이도,37.3429619,126.6935936,경기 시흥시 정왕동 1073
오이도선사유적공원,37.34303702,126.6961663,경기 시흥시 정왕동 924-13
오이도음식문화거리,37.34525844,126.6876671,경기 시흥시 정왕동 2044
오이도항선착장,37.34561573,126.6858092,경기 시흥시 정왕동 2063
옥구공원,37.35613262,126.7131664,경기 시흥시 정왕동 2138
온동물체험농장,37.41458089,126.7636404,경기 시흥시 방산동 579
용도수목원,37.41950137,126.8265596,경기 시흥시 매화동 11-18
월곶포구,37.38778931,126.7384936,경기 시흥시 월곶동
은계호수공원,37.44469488,126.8069457,경기 시흥시 은행동 601-150
정왕시장,37.34579825,126.7485933,경기 시흥시 정왕동 1203
정왕체육공원,37.33841464,126.7560568,경기 시흥시 정왕동 2160
중앙공원(시흥),37.34895927,126.7354682,경기 시흥시 정왕동 1845-1
진덕사,37.3564991,126.8106337,경기 시흥시 능곡동 450-2
창조자연사박물관,37.43367846,126.7861647,경기 시흥시 신천동 184-1
청룡저수지,36.90462562,127.280643,경기 안성시 서운면 청용리 294-7
흔들전망대,37.39410178,126.7800615,경기 시흥시 장곡동 724-10
경기도미술관,37.32576667,126.813958,경기 안산시 단원구 초지동 667
고송정지,37.35875889,126.8346844,경기 안산시 단원구 화정동 산 58
구봉솔숲해수욕장,37.28198865,126.5534884,경기 안산시 단원구 대부북동
대부도,37.24613859,126.5967681,경기 안산시 단원구 대부동동
대부도바다향기수목원,37.22502218,126.6465283,경기 안산시 단원구 선감동 8-5
대부도방아머리먹거리타운,37.28842989,126.5762166,경기 안산시 단원구 대부북동 1848-52
대부도칼국수거리,37.28842989,126.5762166,경기 안산시 단원구 대부북동 1848-52
방아머리선착장,37.29635612,126.5744217,경기 안산시 단원구 대부북동 1955
방아머리해수욕장,37.28915268,126.5767674,경기 안산시 단원구 대부북동
별망성지,37.29909675,126.7978838,경기 안산시 단원구 초지동 656
사세충렬문,37.33731232,126.8306555,경기 안산시 단원구 와동 151
쌍계사(안산),37.26305799,126.5785774,경기 안산시 단원구 대부북동 1058
안산다문화특구,37.3296254,126.7905446,경기 안산시 단원구 원곡동 795
안산시민시장,37.32503719,126.8052203,경기 안산시 단원구 초지동 604-4
안산어린이천문대,37.35805038,126.8226522,경기 안산시 단원구 화정동 559-2
안산어촌민속박물관,37.19251743,126.6460863,경기 안산시 단원구 선감동 717
안산올림픽기념관,37.32617078,126.8273317,경기 안산시 단원구 고잔동 604
오정각,37.35988957,126.831413,경기 안산시 단원구 화정동 29
와동생태곤충체험관,37.34032907,126.8209301,경기 안산시 단원구 와동 813-1
와동체육공원,37.34003257,126.8202988,경기 안산시 단원구 와동 813-1
유리섬박물관,37.21962494,126.6022092,경기 안산시 단원구 대부남동 3-13
종이미술관,37.22451673,126.5759863,경기 안산시 단원구 대부남동 460-134
쪽박섬,37.21437819,126.5420983,경기 안산시 단원구 대부남동
탄도선착장,37.19154923,126.6462271,경기 안산시 단원구 선감동 717-2
탄도항누에섬,37.18740404,126.631912,경기 안산시 단원구 선감동 산 170
화랑유원지,37.32659622,126.814343,경기 안산시 단원구 초지동 667
노적봉공원,37.31648758,126.8550023,경기 안산시 상록구 성포동 산 39-1
반월공원,37.28930319,126.8687723,경기 안산시 상록구 본오동
별빛마을포토랜드,37.33941988,126.863449,경기 안산시 상록구 부곡동 214-18
성호공원,37.31467645,126.859437,경기 안산시 상록구 이동 615
안산갈대습지공원,37.27372453,126.8397425,경기 안산시 상록구 사동 1031-8
안산농수산물도매시장,37.30938538,126.8562703,경기 안산시 상록구 이동 528
안산식물원,37.31374851,126.8610722,경기 안산시 상록구 이동 615
안산호수공원,37.30042727,126.8254325,경기 안산시 상록구 사동 1509
유니스의정원,37.31150384,126.8890479,경기 안산시 상록구 팔곡일동 163-2
이익선생묘,37.31615118,126.8599758,경기 안산시 상록구 일동 555
최용신기념관,37.29963307,126.862763,경기 안산시 상록구 본오동 879-4
화림선원,37.31783833,126.8665792,경기 안산시 상록구 일동 727-1
고삼호수,37.08241068,127.281739,경기 안성시 고삼면 봉산리 495
고성산,37.04847763,127.1747892,경기 안성시 원곡면 칠곡리 산 17
금광관광농원,36.95994421,127.3604911,경기 안성시 금광면 현곡리 562
금광호수,36.9986131,127.341317,경기 안성시 금광면 오흥리 670
낙원역사공원,37.00512981,127.2734204,경기 안성시 낙원동 609-5
너리굴문화마을,37.04066983,127.2789342,경기 안성시 보개면 신장리 63-1
덕봉서원,37.04616209,127.1921314,경기 안성시 양성면 덕봉리 109
덕산저수지,37.07739078,127.364455,경기 안성시 삼죽면 배태리 34
마둔저수지,36.97000132,127.3107154,경기 안성시 금광면 장죽리 124
바우덕이사당,36.91325441,127.2918952,경기 안성시 서운면 청용리 39-1
박두진문학관,37.03497856,127.3108743,경기 안성시 보개면 복평리 296
보개바람,37.02603781,127.2873993,경기 안성시 보개면 불현리 85-4
서운산성,36.93106083,127.268612,경기 안성시 서운면 북산리 산 2
서운산자연휴양림,36.94244815,127.3137187,경기 안성시 금광면 상중리 464
석남사(안성),36.93958564,127.3070738,경기 안성시 금광면 상중리 508
스타필드안성,36.99502539,127.1470947,경기 안성시 공도읍 진사리 354
안성국사암,37.07148984,127.3423293,경기 안성시 삼죽면 기솔리 산 2-2
안성내츄럴리조트,37.09298825,127.4369732,경기 안성시 죽산면 매산리 253-1
안성맞춤가족공원,37.014192,127.2029009,경기 안성시 공도읍 마정리 112-52
안성맞춤랜드,37.03304851,127.3101696,경기 안성시 보개면 복평리 294-2
안성맞춤먹거리타운,37.0151705,127.2658964,경기 안성시 당왕동
안성맞춤박물관,37.01124789,127.2283507,경기 안성시 대덕면 내리 399-5
안성서일농원,37.08143221,127.4762714,경기 안성시 일죽면 화봉리 389-3
안성팜랜드,36.99131662,127.1935166,경기 안성시 공도읍 신두리 451
안성향교,37.01385974,127.2764091,경기 안성시 명륜동 119-4
안성허브마을,37.06457084,127.3589921,경기 안성시 삼죽면 내강리 507
용화사(안성),36.9458569,127.2083912,경기 안성시 미양면 법전리 181
운수암,37.03641782,127.1697036,경기 안성시 양성면 방신리 85
조병화문학관,37.11207959,127.2216764,경기 안성시 양성면 난실리 337
죽주산성,37.08915192,127.4314534,경기 안성시 죽산면 매산리 산 105-1
청룡사(안성),36.91370544,127.2887459,경기 안성시 서운면 청용리 28
청원사(안성),37.07158237,127.1739426,경기 안성시 원곡면 성은리 397
칠곡저수지,37.047285,127.1536773,경기 안성시 원곡면 칠곡리 299
칠장사(안성),37.02647658,127.3978906,경기 안성시 죽산면 칠장리 764
칠장산,37.0311774,127.3900422,경기 안성시 삼죽면 미장리 산 2-30
파크엘림,37.09072194,127.4900338,경기 안성시 일죽면 주천리 250-9
한국조리박물관,37.09101731,127.4902944,경기 안성시 일죽면 주천리 232-2
비산체육공원,37.41246404,126.9502714,경기 안양시 동안구 비산동 21-1
안양농수산물도매시장,37.3818504,126.9700964,경기 안양시 동안구 평촌동 934-1
안양중앙공원,37.3900032,126.9591892,경기 안양시 동안구 평촌동 895
자유공원,37.37953134,126.9642487,경기 안양시 동안구 호계동 1112
평촌먹거리촌,37.38236915,126.9629003,경기 안양시 동안구 평촌동 975
학운공원,37.39975907,126.9489065,경기 안양시 동안구 비산동 1100
호계종합시장,37.37257367,126.9588554,경기 안양시 동안구 호계동 997
망해암,37.41139537,126.9260317,경기 안양시 만안구 안양동 55-1
박달시장,37.40579598,126.9098066,경기 안양시 만안구 박달동 52-1
병목안시민공원,37.38471141,126.9089477,경기 안양시 만안구 안양동 산 82-2
삼덕공원,37.39824549,126.9172943,경기 안양시 만안구 안양동 782-19
삼막사,37.43460787,126.9361284,경기 안양시 만안구 석수동 241-54
삼막애견공원,37.42893248,126.9148676,경기 안양시 만안구 석수동 18
삼성산산림욕장,37.4208858,126.9232083,경기 안양시 만안구 석수동 산 30-2
석수시장,37.41328897,126.907622,경기 안양시 만안구 석수동 287
석수체육공원,37.42207897,126.9027037,경기 안양시 만안구 석수동 251-1
안양남부시장,37.39594742,126.9246872,경기 안양시 만안구 안양동 1189-2
안양명물순대곱창골목,37.39680275,126.9209414,경기 안양시 만안구 안양동 676-245
안양사,37.42235417,126.9241546,경기 안양시 만안구 석수동 242-3
안양삼성산,37.43594489,126.9393916,경기 안양시 만안구 석수동 산 10-1
안양새물공원,37.4173527,126.8908643,경기 안양시 만안구 박달동 655
안양예술공원,37.41906977,126.9197703,경기 안양시 만안구 석수동 240-18
안양중앙시장,37.39787974,126.9199961,경기 안양시 만안구 안양동 676-45
염불암(경기),37.42375125,126.9340091,경기 안양시 만안구 석수동
가나아트파크,37.72556692,126.9496635,경기 양주시 장흥면 일영리 8
고덕생활체육공원,37.8048278,127.0629446,경기 양주시 덕계동 산 132
국립아세안자연휴양림,37.77376707,126.9421849,경기 양주시 백석읍 기산리 산 103-1
권율장군묘,37.73388471,126.9497328,경기 양주시 장흥면 석현리 산 168-1
그랜드유원지,37.71347398,126.9538544,경기 양주시 장흥면 부곡리 646-31
독바위공원,37.82435161,127.0737266,경기 양주시 옥정동 889
두리랜드,37.72478878,126.9503537,경기 양주시 장흥면 일영리 44-17
백석생활체육공원,37.81302783,126.9839737,경기 양주시 백석읍 오산리 239-3
백화암(양주),37.79503201,127.0263771,경기 양주시 유양동 산 40
불곡산,37.79934764,127.0262413,경기 양주시 산북동 산 65-1
송암스페이스센터,37.73580063,126.9428112,경기 양주시 장흥면 석현리 410-1
신천생활체육공원,37.89267204,127.0441017,경기 양주시 은현면 하패리 425-15
신흥레저타운,37.71709921,126.9487891,경기 양주시 장흥면 일영리 15-6
양주골한우마을,37.77615083,126.9418017,경기 양주시 백석읍 기산리
양주관아지,37.78565764,127.0295706,경기 양주시 유양동 141-1
양주나리공원,37.7873228,127.083604,경기 양주시 광사동 816
양주대모산성,37.78704832,127.0109938,경기 양주시 백석읍 방성리 789
양주향교,37.78636317,127.0326951,경기 양주시 유양동 266
양주회암사지,37.84577344,127.10585,경기 양주시 회암동 산 14-3
오봉산석굴암,37.69547059,126.9944441,경기 양주시 장흥면 교현리 1
옥정중앙공원,37.82436637,127.096877,경기 양주시 옥정동 864-798
옥정체육공원,37.82774962,127.0729098,경기 양주시 고암동 293-3
육지장사(경기),37.78407675,126.943966,경기 양주시 백석읍 기산리 294-3
일영유원지,37.69582001,126.9342813,경기 양주시 장흥면 삼상리 174-1
장욱진미술관,37.73243901,126.9484564,경기 양주시 장흥면 석현리 385-1
장흥관광지,37.73278636,126.9517052,경기 양주시 장흥면 석현리 379-1
장흥자생수목원,37.74444748,126.9492695,경기 양주시 장흥면 석현리 산 161
장흥자연휴양림,37.75816693,126.9685384,경기 양주시 장흥면 석현리 31-1
장흥조각공원(양주시립장욱진미술관),37.73164633,126.9488517,경기 양주시 장흥면 석현리 산 1
장흥한옥수영장,37.73957595,126.9585136,경기 양주시 장흥면 석현리 352-2
조명박물관,37.83613579,126.9675465,경기 양주시 광적면 석우리 633
청련사,37.72945484,126.9481091,경기 양주시 장흥면 석현리 393-2
청암민속박물관,37.72248078,126.9468935,경기 양주시 장흥면 일영리 36-3
회암사(양주),37.850244,127.107797,경기 양주시 회암동 4
강상체육공원,37.48323642,127.4859468,경기 양평군 강상면 교평리 307
강하예술공원,37.49863508,127.4141302,경기 양평군 강하면 전수리 1038
강하체육공원,37.49700854,127.4134247,경기 양평군 강하면 운심리 3-1
개군레포츠공원,37.4343438,127.531902,경기 양평군 개군면 하자포리 425-14
구하우스미술관,37.60300108,127.3511846,경기 양평군 서종면 문호리 779-5
국립산음자연휴양림,37.59613033,127.5752084,경기 양평군 단월면 산음리 산 124
국립양평치유의숲,37.46117191,127.7181292,경기 양평군 양동면 매월리 산 27
기흥성뮤지엄,37.49911232,127.4157523,경기 양평군 강하면 전수리 1035-1
더그림,37.52857817,127.4969906,경기 양평군 옥천면 용천리 565-7
도자기체험미술관비즘,37.59549148,127.3832872,경기 양평군 서종면 수능리 301-1
몽양여운형기념관,37.53051419,127.3736061,경기 양평군 양서면 신원리 623-2
물안개공원,37.49914378,127.4779415,경기 양평군 양평읍 오빈리
사나사(양평),37.53851972,127.506321,경기 양평군 옥천면 용천리 302
사나사계곡,37.52969934,127.5003241,경기 양평군 옥천면 용천리 319-7
상원사(용문산),37.5621503,127.5485971,경기 양평군 옥천면 용천리 산 20-3
서후리숲,37.56631907,127.430161,경기 양평군 서종면 서후리 산 113-12
설매재자연휴양림,37.55628053,127.512471,경기 양평군 옥천면 용천리 산 29-21
세미원,37.54074769,127.3242058,경기 양평군 양서면 용담리 428-8
소리산,37.63785011,127.6134695,경기 양평군 단월면 석산리 산 24
소풍,37.50470743,126.7571193,경기 부천시 원미구 상동 539-1
수곡서원,37.43935383,127.5974417,경기 양평군 지평면 수곡리 산 101-1
양근향교,37.52517987,127.457695,경기 양평군 옥천면 옥천리 817-1
양평구둔역,37.43737408,127.6884219,경기 양평군 지평면 일신리 1336-2
양평군립미술관,37.49716901,127.484083,경기 양평군 양평읍 양근리 543
양평군함왕성지,37.5484866,127.5252683,경기 양평군 옥천면 용천리 산 27
양평두물머리,37.53281279,127.3158298,경기 양평군 양서면 양수리
양평들꽃수목원,37.50227044,127.4686709,경기 양평군 양평읍 오빈리 365-1
양평맑은숲캠프,37.56040584,127.7349279,경기 양평군 청운면 다대리 산 45
양평민물고기생태학습관,37.51168729,127.6391656,경기 양평군 용문면 광탄리 235-1
양평쉬자파크,37.51132307,127.533183,경기 양평군 양평읍 백안리 45-6
양평양떼목장,37.51545522,127.6287599,경기 양평군 용문면 광탄리 300
양평황순원문학촌소나기마을,37.59619962,127.3782723,경기 양평군 서종면 수능리 334-3
오르다온,37.56118231,127.4109993,경기 양평군 서종면 서후리 529-34
용문사(용문산),37.55036191,127.571182,경기 양평군 용문면 신점리 618
용문산,37.5621503,127.5485971,경기 양평군 옥천면 용천리 산 20-3
용문산관광지,37.54652041,127.5810914,경기 양평군 용문면 신점리 526-2
용문산백운봉,37.53349419,127.5270752,경기 양평군 옥천면 용천리 산 27
용문산자연휴양림,37.51630533,127.5190793,경기 양평군 양평읍 백안리 산 68-1
용문생활체육공원,37.47794586,127.5865677,경기 양평군 용문면 다문리 832
운계서원(양평),37.51509533,127.6009723,경기 양평군 용문면 덕촌리 산 4-2
이재효갤러리,37.4596785,127.6678113,경기 양평군 지평면 무왕리 521
잔아문학박물관,37.59678435,127.3547767,경기 양평군 서종면 문호리 860-2
중미산,37.59540038,127.4716312,경기 가평군 설악면 가일리 산 65-3
중미산자연휴양림,37.58351698,127.4568201,경기 양평군 옥천면 신복리 64
중미산천문대,37.58175195,127.4593725,경기 양평군 옥천면 신복리 117-1
중원산,37.55865827,127.6018189,경기 양평군 용문면 중원리 산 29
중원폭포,37.55599997,127.6143155,경기 양평군 용문면 중원리
지평레포츠공원,37.48996867,127.6326801,경기 양평군 지평면 송현리 507
추억의청춘뮤지엄,37.54458573,127.5853401,경기 양평군 용문면 신점리 369-32
카포레,37.50548258,127.4359438,경기 양평군 강하면 전수리 467-3
파머스가든봄,37.49507061,127.4601799,경기 양평군 강상면 병산리 297-1
풀향기허브나라,37.50777264,127.6057995,경기 양평군 용문면 덕촌리 14-1
한강생태학습장,37.48992617,127.3967547,경기 양평군 강하면 운심리 165
가남체육공원,37.201791,127.5339987,경기 여주시 가남읍 태평리 533-2
강한사,37.29929141,127.6331321,경기 여주시 하동 200-1
금은모래강변공원,37.28848164,127.6719022,경기 여주시 연양동
기천서원,37.39255825,127.5295717,경기 여주시 금사면 이포리 259-3
당남리섬,37.39505098,127.5425717,경기 여주시 대신면 천서리 545-5
당남지구공원,37.39358301,127.5482843,경기 여주시 대신면 천서리 755
매산서원,37.30627671,127.5766071,경기 여주시 세종대왕면 번도리 321-4
명성황후생가,37.26087161,127.6556628,경기 여주시 능현동 250-3
목아박물관,37.28852736,127.6880964,경기 여주시 강천면 이호리 395-2
세종천문대,37.25735403,127.7537514,경기 여주시 강천면 부평리 472-13
양섬,37.30516929,127.6202731,경기 여주시 하동 3-112
여성생활사박물관,37.2433952,127.7082428,경기 여주시 강천면 굴암리 9-3
여주강변유원지,37.29430253,127.6622595,경기 여주시 연양동 323-4
여주고달사지,37.39315743,127.6546271,경기 여주시 북내면 상교리 420-3
여주곤충박물관,37.25967017,127.6633314,경기 여주시 능현동 166
여주대법사,37.22883731,127.6050483,경기 여주시 가남읍 안금리 99-1
여주도자세상,37.30014441,127.6545464,경기 여주시 천송동 541-15
여주미술관,37.26486245,127.6369766,경기 여주시 점봉동 430-40
여주박물관,37.29967144,127.6533919,경기 여주시 천송동 545-1
여주신륵사,37.29829548,127.6532469,경기 여주시 천송동 588-8
여주양화나루,37.30017553,127.5735243,경기 여주시 세종대왕면 번도리 502-3
여주온천,37.27085926,127.7283023,경기 여주시 강천면 부평리 411-8
여주이포나루,37.39490204,127.5373036,경기 여주시 금사면 이포리 180
여주참숯마을,37.28836623,127.6995986,경기 여주시 강천면 이호리 65-6
여주파사성,37.41122364,127.5493075,경기 여주시 대신면 천서리 산 9
여주향교,37.2890206,127.6282375,경기 여주시 교동 261-1
여주황포돛배,37.29474112,127.6618122,경기 여주시 연양동 444
영월근린공원,37.29402053,127.6474356,경기 여주시 상동 132
은아목장,37.21251696,127.6198428,경기 여주시 가남읍 금당리 5-24
죽포미술관,37.41000966,127.4426393,경기 여주시 산북면 명품리 267
천서리막국수촌,37.40307023,127.5479875,경기 여주시 대신면 천서리
폰박물관,37.29367796,127.6663005,경기 여주시 연양동 304-8
황학산수목원,37.275981,127.6469677,경기 여주시 매룡동 296
흥왕사,37.34765944,127.7061107,경기 여주시 북내면 중암리 438
고대산,38.19922062,127.1647915,경기 연천군 신서면 대광리 산 168
군남홍수조절지두루미테마파크,38.10454835,127.0205045,경기 연천군 군남면 선곡리
당포성,38.02312777,126.9858778,경기 연천군 미산면 동이리 778
동막골유황천,38.08943456,127.0810663,경기 연천군 연천읍 동막리 467
들꽃가람농장,38.04565722,127.1116966,경기 연천군 전곡읍 신답리 786
석장리미술관,38.0539555,126.9176477,경기 연천군 백학면 석장리 875
신탄리역,38.21285386,127.1390669,경기 연천군 신서면 대광리 169-2
역고드름,38.23636648,127.1614441,경기 연천군 신서면 대광리 산 173
연강갤러리,38.11792257,126.9871413,경기 연천군 중면 횡산리 243
연천경순왕릉,37.99068852,126.843613,경기 연천군 장남면 고랑포리 산 18-1
연천고랑포구역사공원,37.98798513,126.8472659,경기 연천군 장남면 고랑포리 209-2
연천로하스파크,38.12979517,127.0444755,경기 연천군 군남면 옥계리 1259-3
연천숭의전지,38.02431835,126.9730307,경기 연천군 미산면 아미리 7
연천역급수탑,38.10174816,127.0743989,경기 연천군 연천읍 차탄리 34-33
연천향교,38.0962974,127.0688688,경기 연천군 연천읍 차탄리 345
연천호로고루,37.98619198,126.8585572,경기 연천군 장남면 원당리 1257-1
열쇠전망대,38.22132964,127.0956561,경기 연천군 신서면 마전리
임진강평화습지원,38.11896584,126.9872506,경기 연천군 중면 횡산리 224
전곡선사박물관,38.0116045,127.0641094,경기 연천군 전곡읍 전곡리 170-2
태풍전망대,38.1259536,126.9730241,경기 연천군 중면 횡산리 산 108-1
한탄강어린이교통랜드,38.01543455,127.0585282,경기 연천군 전곡읍 전곡리 687-2
경기도립물향기수목원,37.1663085,127.0595311,경기 오산시 수청동 332-4
독산성산림욕장,37.18561868,127.0205643,경기 오산시 양산동 산 19-84
맑음터공원,37.13631025,127.0633769,경기 오산시 오산동 750-1
보적사(오산),37.18369962,127.0194781,경기 오산시 지곶동 150
서랑지,37.17254701,127.0149803,경기 오산시 서랑동 38
오산시립미술관,37.16025219,127.0772411,경기 오산시 은계동 7-7
오산죽미령평화공원,37.18559999,127.0521156,경기 오산시 외삼미동 600-1
운암뜰한식거리,37.14758789,127.0757232,경기 오산시 원동
유엔군초전기념관,37.1844947,127.0492994,경기 오산시 외삼미동 640
은산어울림생태박물관,37.14106005,127.0371538,경기 오산시 벌음동 97
죽미체육공원,37.18001343,127.0432245,경기 오산시 세교동 627
경기도박물관,37.26808313,127.1086843,경기 용인시 기흥구 상갈동 496
경희천문대,37.23869824,127.0818819,경기 용인시 기흥구 하갈동 1-1
기흥레스피아호수공원,37.25253875,127.0956937,경기 용인시 기흥구 하갈동 114
기흥호수공원,37.25408853,127.0957046,경기 용인시 기흥구 하갈동 127
동백호수공원,37.27581248,127.1497545,경기 용인시 기흥구 중동
만골근린공원,37.28627491,127.1146409,경기 용인시 기흥구 신갈동 산 14
백남준아트센터,37.26915465,127.1104378,경기 용인시 기흥구 상갈동 496
법화산,37.30555558,127.1484328,경기 용인시 기흥구 청덕동 산 27-6
보구정사,37.26376957,127.1669701,경기 용인시 기흥구 중동 95-4
보정동카페거리,37.32162865,127.1101005,경기 용인시 기흥구 보정동 1344
서천레스피아,37.23905954,127.069206,경기 용인시 기흥구 서천동 740
영덕레스피아,37.27224422,127.0673692,경기 용인시 기흥구 영덕동 1003
용인시박물관,37.27387098,127.1572147,경기 용인시 기흥구 중동 862
용인한국미술관,37.30897198,127.1319771,경기 용인시 기흥구 마북동 73-1
용인향교,37.29544531,127.1204474,경기 용인시 기흥구 언남동 335
지앤아트스페이스,37.26994514,127.1101335,경기 용인시 기흥구 상갈동 150-2
한국민속촌,37.25961523,127.1198007,경기 용인시 기흥구 보라동 35
광교산,37.34492778,127.034428,경기 용인시 수지구 고기동 산 52
다이노스타(용인),37.35591133,127.051732,경기 용인시 수지구 고기동 255
동천자연식물원,37.33743566,127.0794703,경기 용인시 수지구 동천동 500
상현레스피아,37.29557733,127.0765796,경기 용인시 수지구 상현동 609
수지생태공원,37.32352554,127.084658,경기 용인시 수지구 신봉동 877
수지체육공원,37.32925181,127.0972735,경기 용인시 수지구 풍덕천동 산 12-1
심곡서원,37.30576443,127.0766125,경기 용인시 수지구 상현동 203-2
아르피아체육공원,37.32841543,127.1059311,경기 용인시 수지구 죽전동 1003-43
정암수목공원,37.29795538,127.0776377,경기 용인시 수지구 상현동 1139
동도사(용인),37.10810918,127.198462,경기 용인시 처인구 이동읍 어비리 807-9
두창저수지,37.14712445,127.3377847,경기 용인시 처인구 원삼면 두창리 1463
로만바스,37.23308014,127.1570105,경기 용인시 처인구 삼가동 424-2
마가미술관,37.33175137,127.1927615,경기 용인시 처인구 모현읍 동림리 263
박목월시의정원,37.29874597,127.2549855,경기 용인시 처인구 모현읍 초부리 699
벗이미술관,37.24141537,127.3021811,경기 용인시 처인구 양지면 양지리 6-10
분당어린이천문대,37.32329738,127.1551108,경기 용인시 처인구 모현읍 오산리 291
삼성화재교통박물관,37.3003599,127.21693,경기 용인시 처인구 포곡읍 유운리 432
수리사(경기),37.35405976,126.8972734,경기 군포시 속달동 329-2
양지체육공원,37.23552295,127.2875435,경기 용인시 처인구 양지면 양지리 산 32-11
양지파인리조트스키장,37.21249351,127.2972484,경기 용인시 처인구 양지면 남곡리 34-1
양지향교,37.2386587,127.2860092,경기 용인시 처인구 양지면 양지리 379
에버랜드,37.29310112,127.2021983,경기 용인시 처인구 포곡읍 전대리 310
에버랜드스피드웨이,37.29609033,127.2071338,경기 용인시 처인구 포곡읍 유운리 537-1
예아리박물관,37.14131805,127.3642538,경기 용인시 처인구 백암면 근삼리 389-1
와우정사(용인),37.19417253,127.2767813,경기 용인시 처인구 해곡동 224-1
용덕사,37.16972556,127.2455392,경기 용인시 처인구 이동읍 묵리 478-2
용덕지,37.18514632,127.2255262,경기 용인시 처인구 이동읍 묵리 920
용인곤충테마파크,37.14558393,127.3647493,경기 용인시 처인구 백암면 근삼리 305-1
용인백련사,37.30703391,127.1815853,경기 용인시 처인구 포곡읍 가실리 산 14-2
용인석포숲공원,37.15980992,127.2576298,경기 용인시 처인구 이동읍 묵리 산 70-4
용인시기후변화체험교육센터,37.22270292,127.2222116,경기 용인시 처인구 남동 279-7
용인자연휴양림,37.31486955,127.2678147,경기 용인시 처인구 모현읍 초부리 산 22
용인중앙공원,37.23020926,127.2048755,경기 용인시 처인구 남동 산 4-3
용인중앙시장,37.23620031,127.2064334,경기 용인시 처인구 김량장동 133
정몽주선생묘,37.33737744,127.1813379,경기 용인시 처인구 모현읍 능원리 산 3
처인성,37.14766156,127.1686011,경기 용인시 처인구 남사읍 아곡리 산 43
충렬서원,37.34109014,127.1701148,경기 용인시 처인구 모현읍 능원리 118-1
침강저류지,37.19707236,127.2520424,경기 용인시 처인구 호동 330-1
팜앤트리,37.17070256,127.3389661,경기 용인시 처인구 원삼면 두창리 2108
플라이스테이션,37.28088992,127.1992079,경기 용인시 처인구 포곡읍 마성리 72-17
한국등잔박물관,37.33639076,127.1784106,경기 용인시 처인구 모현읍 능원리 229-2
한택식물원,37.09457049,127.4065802,경기 용인시 처인구 백암면 옥산리 365
한터조랑말농장,37.27128872,127.2652204,경기 용인시 처인구 양지면 대대리 89
호암미술관,37.29451891,127.1916266,경기 용인시 처인구 포곡읍 가실리 산 12-8
화운사,37.2523066,127.1617147,경기 용인시 처인구 삼가동 33-4
황새울관광농원,37.11375326,127.3509849,경기 용인시 처인구 백암면 석천리 731
가막들공원,37.39238889,126.9964134,경기 의왕시 청계동 974
갈미한글공원,37.37822746,126.9846854,경기 의왕시 내손동 228-1
고천체육공원,37.34713812,126.9824796,경기 의왕시 왕곡동 270-2
내손체육공원,37.38670775,126.9835635,경기 의왕시 내손동 666
백운사(의왕),37.34992871,127.0082707,경기 의왕시 왕곡동 1-1
백운호수,37.3793439,127.0024919,경기 의왕시 학의동 277
백운호수음식마을,37.38129914,127.0006007,경기 의왕시 학의동
부곡체육공원,37.31429155,126.9591399,경기 의왕시 월암동 421
뿌리깊은나무숲,37.38441596,127.0131118,경기 의왕시 학의동 474-1
의왕레일파크,37.30943989,126.9507579,경기 의왕시 월암동 525-9
의왕오봉정사,37.34623878,126.9655578,경기 의왕시 고천동 191-6
의왕용화사,37.37362559,126.9691197,경기 의왕시 내손동 827
의왕조류생태과학관,37.31091472,126.9503609,경기 의왕시 월암동 525-10
청계사(경기),37.41189991,127.0349003,경기 의왕시 청계동 11
청계산도깨비도로,37.3939932,127.0273562,경기 의왕시 청계동 146
청계산맑은숲공원,37.40949616,127.0342972,경기 의왕시 청계동 19-4
낙양물사랑공원,37.74681129,127.0927365,경기 의정부시 낙양동 697
노강서원(의정부),37.70001915,127.0629852,경기 의정부시 장암동 산 146-1
미륵암,37.73245834,127.0999698,경기 의정부시 고산동 647
석림사(경기),37.7011715,127.0662587,경기 의정부시 장암동 산 147
송산사지근린공원,37.74729,127.1101834,경기 의정부시 민락동 878
의정부망월사,37.70473081,127.0213827,경기 의정부시 호원동 413
의정부부대찌개거리,37.74472547,127.0495734,경기 의정부시 의정부동 214-45
의정부제일시장,37.73976619,127.0504005,경기 의정부시 의정부동 160
직동근린공원,37.74014373,127.0323208,경기 의정부시 의정부동 4-5
회룡사(경기),37.72000822,127.0276412,경기 의정부시 호원동 산 89-2
관고전통시장,37.28075667,127.4405732,경기 이천시 창전동 154-23
단내성지,37.21954414,127.3944689,경기 이천시 호법면 단천리 357
덕평공룡수목원,37.23231754,127.3372268,경기 이천시 마장면 작촌리 103
도드람산(저명산),37.26805373,127.3919303,경기 이천시 마장면 장암리
도예촌쌀밥거리,37.31109979,127.4010337,경기 이천시 신둔면 수광리
민주화운동기념공원,37.1750321,127.4425304,경기 이천시 모가면 어농리 873
별빛정원우주,37.24216754,127.3928263,경기 이천시 마장면 각평리 319
복하천수변공원,37.26821743,127.4601159,경기 이천시 진리동 140
서희테마파크,37.27672661,127.4818987,경기 이천시 부발읍 마암리 산 24
설봉공원,37.27667579,127.4280743,경기 이천시 관고동 408-3
설봉산,37.28087486,127.413039,경기 이천시 마장면 장암리 산 24-1
설봉서원,37.28169802,127.4205703,경기 이천시 관고동 437-1
성호호수연꽃단지,37.13992195,127.523416,경기 이천시 설성면 장천리 887
스파플러스,37.27617647,127.4509288,경기 이천시 안흥동 408-1
신흥사(이천),37.14532288,127.557018,경기 이천시 장호원읍 선읍리 930-2
영원사(이천),37.3538867,127.4625289,경기 이천시 백사면 송말리 435-1
예스파크,37.29308699,127.3856724,경기 이천시 신둔면 고척리 599-6
용학사,37.1472673,127.4710086,경기 이천시 모가면 송곡리 469-4
이천관광농원,37.26749396,127.5162571,경기 이천시 부발읍 아미리 4-2
이천농업테마공원,37.17812645,127.4448951,경기 이천시 모가면 어농리 산 28-1
이천설봉온천랜드,37.27685195,127.4514785,경기 이천시 안흥동 317-2
이천시립월전미술관,37.27881479,127.4255922,경기 이천시 관고동 381
이천온천공원,37.28142537,127.4524801,경기 이천시 창전동 503
이천향교,37.28597266,127.4374371,경기 이천시 창전동 336
지산포레스트리조트스키장,37.21677144,127.3451839,경기 이천시 마장면 해월리 231
청암관광농원,37.26749396,127.5162571,경기 이천시 부발읍 아미리 4-2
테르메덴,37.19472697,127.4459499,경기 이천시 모가면 신갈리 360
한국기독교역사박물관,37.2228322,127.4992679,경기 이천시 대월면 초지리 474-2
해강도자미술관,37.30879793,127.4049244,경기 이천시 신둔면 수광리 330-1
감악산(파주),37.94121922,126.9699212,경기 파주시 적성면 객현리
감악산출렁다리,37.93888604,126.9455323,경기 파주시 적성면 설마리 48-22
교하중앙공원,37.72344543,126.7149091,경기 파주시 동패동 1692
교하향교,37.74971758,126.7767121,경기 파주시 금촌동 1013
국립민속박물관파주,37.78663682,126.6939029,경기 파주시 탄현면 법흥리 1631-3
대교트라움벨트,37.71571629,126.692437,경기 파주시 서패동 473-4
덕진산성,37.9136685,126.7724193,경기 파주시 군내면 정자리 13
도라산역,37.89875123,126.7099673,경기 파주시 장단면 노상리 556
도라산전망대,37.91098976,126.7060336,경기 파주시 군내면 점원리 390-2
도라산평화공원,37.89772921,126.7138744,경기 파주시 장단면 노상리 517
두루뫼박물관,37.85647743,126.8959267,경기 파주시 법원읍 법원리 139-5
마장호수,37.77494176,126.9302204,경기 파주시 광탄면 기산리 451-2
모산목장,37.8023794,126.7238568,경기 파주시 탄현면 축현리 347
미메시스아트뮤지엄,37.71679273,126.6889188,경기 파주시 문발동 499-3
발랑저수지,37.80686052,126.9061483,경기 파주시 광탄면 발랑리 20-2
벽초지수목원,37.80077004,126.8742585,경기 파주시 광탄면 창만리 166-8
보광사(파주),37.75295081,126.9200103,경기 파주시 광탄면 영장리 13
봉일천종합시장,37.74358757,126.8074553,경기 파주시 조리읍 봉일천리 168-2
새암공원,37.70919053,126.7474207,경기 파주시 야당동
소령원,37.77808824,126.9016215,경기 파주시 광탄면 영장리 267
소울원,37.80590102,126.7347415,경기 파주시 탄현면 축현리 122-4
수길원,37.77783867,126.9049091,경기 파주시 광탄면 영장리 266
수우원,37.97899357,127.0086276,경기 파주시 적성면 적암리 145-1
심학산산림공원,37.70456203,126.7075674,경기 파주시 동패동 산 284-1
어린이미술관자란다,37.81785511,126.6988507,경기 파주시 탄현면 만우리 129-2
영집궁시박물관,37.78493667,126.711381,경기 파주시 탄현면 법흥리 242-5
오두산통일전망대,37.77327614,126.6772275,경기 파주시 탄현면 성동리 659
용상사(파주),37.79823395,126.7662611,경기 파주시 월롱면 덕은리 268-1
용암사(파주),37.75354598,126.8652151,경기 파주시 광탄면 용미리 651-3
용주서원,37.79952059,126.7774616,경기 파주시 월롱면 덕은리 291
우농타조농장,37.7054642,126.7135605,경기 파주시 동패동 616-1
운정건강공원(가온),37.72069351,126.7471321,경기 파주시 목동동 687
운정체육공원,37.73847541,126.7683596,경기 파주시 와동동 1516
운정호수공원,37.71988717,126.7578737,경기 파주시 와동동
율곡수목원,37.896476,126.8270757,경기 파주시 파평면 율곡리 6-1
임진강황포돛배,37.96500111,126.8896798,경기 파주시 적성면 두지리 216-5
장산전망대,37.89311086,126.7909182,경기 파주시 문산읍 장산리 산 21-3
적성향교,37.96306589,126.9237475,경기 파주시 적성면 구읍리 476-1
캠프그리브스,37.89842872,126.7316311,경기 파주시 군내면 백연리 357-1
통일공원(파주),37.85130323,126.7934372,경기 파주시 파주읍 봉서리 산 42-5
파주나비나라박물관,37.71488006,126.6869103,경기 파주시 문발동 500-8
파주맛고을음식문화거리,37.79931945,126.6846195,경기 파주시 탄현면 대동리
파주윤관장군묘,37.76858136,126.8568685,경기 파주시 광탄면 분수리 산 4-1
파주이이유적,37.86613526,126.8709858,경기 파주시 법원읍 동문리 16-1
파주임진각(평화누리공원),37.89227563,126.7439202,경기 파주시 문산읍 마정리 1175-1
파주출판단지근린공원,37.71952728,126.6882756,경기 파주시 문발동 496-1
파주팜랜드,37.81004694,126.6923823,경기 파주시 탄현면 대동리 240-11
파주향교,37.83463047,126.8113084,경기 파주시 파주읍 파주리 335
파평용연,37.9285177,126.8463369,경기 파주시 파평면 눌노리 385-1
판문점,37.95582191,126.6770652,경기 파주시 군내면 조산리
퍼스트가든,37.73207316,126.7946254,경기 파주시 상지석동 1021-3
평화랜드,37.89042995,126.742019,경기 파주시 문산읍 마정리 1320-1
평화를품은집,37.89277861,126.8392125,경기 파주시 파평면 두포리 127-19
프로방스마을,37.79040523,126.6852386,경기 파주시 탄현면 성동리 82-1
하니랜드,37.75034849,126.8361001,경기 파주시 조리읍 장곡리 420-6
행복한마음(김영사북아울렛),37.71210726,126.6863776,경기 파주시 문발동 515-1
헤이리예술마을,37.78804091,126.6993044,경기 파주시 탄현면 법흥리 1652-239
화석정,37.88767252,126.8054937,경기 파주시 파평면 율곡리 산 100-1
황희정승묘,37.82710773,126.7512674,경기 파주시 탄현면 금승리 산 1
경기만기사,37.10805595,127.1006463,경기 평택시 진위면 동천리 548
고잔저수지,37.06763494,126.9094586,경기 평택시 청북읍 고잔리 1-1
내리문화공원,36.97492549,127.0309779,경기 평택시 팽성읍 내리 260
덕동산근린공원,36.99731071,127.099143,경기 평택시 비전동 산 84-14
모곡공원,37.03500086,127.0762632,경기 평택시 모곡동 444
민세안재홍선생생가,37.05712903,127.019014,경기 평택시 고덕동 1694-107
배다리생태공원,36.99972829,127.120595,경기 평택시 죽백동
부락산산림체험장,37.07120247,127.0747622,경기 평택시 지산동 1263
서정리전통시장,37.05784223,127.0550772,경기 평택시 서정동 317
서천사(평택),37.01576651,127.0441741,경기 평택시 고덕면 방축리 103-1
서해수호관,36.99251832,126.8260579,경기 평택시 포승읍 원정리 1302
신대레포츠공원,36.99375219,127.065595,경기 평택시 신대동 621-10
안정리예술인광장,36.95955604,127.0439878,경기 평택시 팽성읍 안정리 113-1
안중레포츠공원,36.99340634,126.9173483,경기 평택시 안중읍 학현리 산 92-5
안중시장,36.98718443,126.9270915,경기 평택시 안중읍 안중리 260-23
여술근린공원,36.99138368,126.8420476,경기 평택시 포승읍 도곡리 1108
원균장군묘,37.05509953,127.1074522,경기 평택시 도일동 산 82
이충레포츠공원,37.06544047,127.0727427,경기 평택시 이충동 700
정도전사당,37.08000856,127.1225169,경기 평택시 진위면 은산리 183
지영희국악관,36.92082246,126.9209013,경기 평택시 현덕면 권관리 301-1
진위천유원지,37.09814458,127.0864865,경기 평택시 진위면 봉남리 432
진위향교,37.09933483,127.0948077,경기 평택시 진위면 봉남리 167
팽성레포츠공원,36.96869876,127.0649761,경기 평택시 팽성읍 객사리 29-1
평택국제중앙시장,37.08073862,127.0527467,경기 평택시 신장동 322-46
평택농업생태원,37.01312803,126.983651,경기 평택시 오성면 숙성리 1033
평택수도사,37.0026184,126.8217117,경기 평택시 포승읍 원정리 85-3
평택향교,36.96547742,127.0560392,경기 평택시 팽성읍 객사리 185
평택호관광지,36.9148246,126.912922,경기 평택시 현덕면 권관리 551-3
평택호예술공원,36.92195084,126.9239842,경기 평택시 현덕면 권관리 315-2
포승레포츠공원,36.98206713,126.8840009,경기 평택시 포승읍 방림리 51-30
가리산(포천),38.04037787,127.406703,경기 포천시 이동면 도평리 산 130
고모저수지,37.79714908,127.1625658,경기 포천시 소흘읍 고모리 686
국립수목원(광릉숲),37.7563339,127.1767906,경기 남양주시 진접읍 부평리
국립운악산자연휴양림,37.88159625,127.3064374,경기 포천시 화현면 화현리 산 190
국망봉자연휴양림(포천),38.02598709,127.4031588,경기 포천시 이동면 장암리 산 74
금주산,37.9576858,127.272039,경기 포천시 영중면 금주리
깊이울유원지,37.92055678,127.1689353,경기 포천시 신북면 심곡리 775
나남수목원,37.94855025,127.1507273,경기 포천시 신북면 갈월리 231-5
도성사,37.9141207,127.3164841,경기 포천시 화현면 화현리 10-1
명성산(포천),38.09633198,127.3510448,경기 포천시 이동면 도평리 산 426
서운동산,37.77164666,127.202037,경기 포천시 내촌면 마명리 126-6
신북리조트스프링폴,37.97427165,127.1044784,경기 포천시 신북면 덕둔리 627-1
신북오리촌,37.92744925,127.1796928,경기 포천시 신북면 심곡리
옥병서원,38.0190216,127.1707828,경기 포천시 창수면 주원리 688
왕방산,37.89577221,127.1555971,경기 포천시 신북면 심곡리 산 76-3
왕산사(포천),37.89964801,127.1718414,경기 포천시 신읍동 699
우둠지,38.06136227,127.3154001,경기 포천시 영북면 산정리 461-7
이항복선생묘,37.83094281,127.1847473,경기 포천시 가산면 금현리 산 4-2
인평대군묘및신도비,37.94278618,127.2164715,경기 포천시 신북면 신평리 산 46-1
일동제일유황온천,37.9676514,127.3286995,경기 포천시 일동면 화대리 663
자인사(포천),38.07380486,127.3275739,경기 포천시 영북면 산정리 71
주금산,37.78433923,127.2680694,경기 가평군 상면 상동리 산 86
주파크,37.77786915,127.1653409,경기 포천시 소흘읍 직동리 328-1
천보산자연휴양림,37.85573413,127.1192874,경기 포천시 동교동 산 32
청계호수,37.9410232,127.3405019,경기 포천시 일동면 기산리 12-1
평강랜드,38.04940299,127.3039638,경기 포천시 영북면 산정리 산 155
포천반월성,37.89354436,127.2203643,경기 포천시 군내면 구읍리 산 5-1
포천산정호수,38.07116115,127.3208679,경기 포천시 영북면 산정리 227
포천어메이징파크,37.92657256,127.1422054,경기 포천시 신북면 금동리 606
포천이동갈비촌,38.03588355,127.3665984,경기 포천시 이동면 장암리 508-1
포천향교,37.88980896,127.2213684,경기 포천시 군내면 구읍리 176
포천허브아일랜드,37.96538818,127.1316662,경기 포천시 신북면 삼정리 517-2
풍혈산유원지,38.02231425,127.2822179,경기 포천시 영중면 성동리
한과문화박물관한가원,38.06834085,127.3037413,경기 포천시 영북면 산정리 520
한탄강지질공원센터,38.07326039,127.2249973,경기 포천시 영북면 대회산리 298
한화리조트산정호수온천,38.06610465,127.3140723,경기 포천시 영북면 산정리 454-4
화산서원(포천),37.84189604,127.1756938,경기 포천시 가산면 방축리 산 16-1
흥룡사,38.07179122,127.4100086,경기 포천시 이동면 도평리 38
검단산,37.51755293,127.2494095,경기 하남시 배알미동 산 13-6
광주향교(경기),37.52175923,127.1983217,경기 하남시 교산동 227-3
당정뜰(팔당팔화수변공원),37.55070327,127.2224031,경기 하남시 미사동 2-13
덕풍전통시장,37.54181023,127.20353,경기 하남시 덕풍동 326-9
미사한강공원4호,37.57966743,127.1888455,경기 하남시 선동 421-1
미사호수공원,37.56165132,127.1881764,경기 하남시 망월동 776-3
사충서원,37.4956203,127.2369178,경기 하남시 상산곡동 100-2
스타필드하남,37.54551292,127.2236799,경기 하남시 신장동 616
신장시장,37.5380608,127.2063394,경기 하남시 신장동 427-452
유니온파크,37.54681643,127.2194811,경기 하남시 신장동 60-7
하남나무고아원,37.58160451,127.1955141,경기 하남시 미사동 607
하남동사지,37.51689238,127.1859114,경기 하남시 춘궁동 457-3
하남역사박물관,37.54548548,127.2060792,경기 하남시 덕풍동 694-1
하남이성산성,37.52521153,127.185208,경기 하남시 춘궁동 산 36
호국사(경기),37.52781462,127.2388523,경기 하남시 창우동 산 26-1
개나리공원,37.20953969,127.0655335,경기 화성시 반송동 29
국화도,37.05961637,126.5542822,경기 화성시 우정읍 국화리 100
궁평리해수욕장,37.12097977,126.6849441,경기 화성시 서신면 궁평리 660-41
궁평유원지,37.1292385,126.6827762,경기 화성시 서신면 궁평리 512-4
궁평캠프카페,37.12622982,126.6926779,경기 화성시 서신면 궁평리 376-6
궁평항,37.11600964,126.6812809,경기 화성시 서신면 궁평리 689
궁평해송군락지,37.12091497,126.6849759,경기 화성시 서신면 궁평리 660-41
남양성모성지,37.20503699,126.8167578,경기 화성시 남양읍 남양리 1704
남양향교,37.20431018,126.7997139,경기 화성시 남양읍 남양리 335
남이장군묘(화성),37.24851493,126.8317606,경기 화성시 비봉면 남전리 산 145
노작홍사용문학관,37.20541234,127.0755151,경기 화성시 석우동 64
도원체육공원,37.13394884,126.9291522,경기 화성시 향남읍 행정리 478
동탄치동천체육공원,37.20547321,127.1065251,경기 화성시 영천동 670-2
동탄호수공원,37.16783439,127.1045221,경기 화성시 송동 54-1
동학산공원,37.22042267,127.0786769,경기 화성시 석우동 29-3
드림아트스페이스,37.27418341,126.9212051,경기 화성시 매송면 어천리 12-2
또나따목장,37.18729681,126.7299425,경기 화성시 마도면 백곡리 551
만의사(화성),37.20948555,127.149861,경기 화성시 중동 140
매송체육공원,37.24857464,126.9293697,경기 화성시 매송면 원평리 579
매향항선착장,37.07355844,126.7329947,경기 화성시 우정읍 매향리 971
반남박씨묘역,37.21618112,127.0843677,경기 화성시 석우동 45-3
발안만세시장,37.13141607,126.9094648,경기 화성시 향남읍 평리 81-51
봉담호수공원,37.21961617,126.9513797,경기 화성시 봉담읍 상리 22-10
봉림사(화성),37.2058277,126.845549,경기 화성시 남양읍 북양리 642
비봉습지공원,37.26129462,126.8471944,경기 화성시 비봉면 유포리
석천항,37.02970804,126.7637145,경기 화성시 우정읍 매향리
선납숲공원,37.21144046,127.107971,경기 화성시 영천동 산 10
선창포구,37.13058997,126.795803,경기 화성시 우정읍 주곡리 161-4
소다미술관,37.20159597,127.0061503,경기 화성시 안녕동 138-110
송교리횟타운,37.17098876,126.6176964,경기 화성시 서신면 제부리
송산그린시티전망대,37.28733358,126.7392814,경기 화성시 송산면 고정리 산 1-38
신흥사(화성),37.19301198,126.7096669,경기 화성시 서신면 상안리 72-16
아기농부,37.07798558,126.9508326,경기 화성시 양감면 신왕리 1811-9
안곡서원,37.17516365,126.7091767,경기 화성시 서신면 상안리 585
애니랜드,37.26579391,127.0004419,경기 수원시 팔달구 매산로1가 18
용주사(화성),37.21217075,127.0050787,경기 화성시 송산동 188
우음도,37.28642581,126.7411407,경기 화성시 송산면 고정리 1195-2
원평허브농원,37.24626344,126.923538,경기 화성시 매송면 원평리 181-6
율암온천숯가마테마파크,37.15218505,126.8822658,경기 화성시 팔탄면 율암리 842-8
장안남산체육공원,37.07815464,126.8347918,경기 화성시 장안면 사랑리 2-4
장지리저수지,37.15200387,127.1083547,경기 화성시 장지동 293
장지체육공원,37.159703,127.1107524,경기 화성시 장지동 산 15
전곡항,37.18762234,126.6504395,경기 화성시 서신면 전곡리
제부도,37.1722092,126.6240228,경기 화성시 서신면 제부리
제부도모세거리,37.1715952,126.625895,경기 화성시 서신면 제부리
제부도해수욕장,37.16772476,126.6170193,경기 화성시 서신면 제부리
제암리3.1운동순국기념관,37.12500056,126.89032,경기 화성시 향남읍 제암리 412-3
쥬라리움동탄점,37.18058659,127.0920037,경기 화성시 방교동 780-2
초록산산림욕장,37.0915433,126.9560002,경기 화성시 양감면 사창리 810-9
큰재봉공원,37.21380618,127.0814832,경기 화성시 석우동 45-1
탄도인공습지공원,37.20085312,126.6590203,경기 화성시 송산면 지화리
하길체육공원,37.08939188,126.9114449,경기 화성시 향남읍 하길리 1409-1
하늘누리항공,37.10660763,126.7648596,경기 화성시 우정읍 호곡리 959-1
하피랜드,37.16857233,126.8885276,경기 화성시 팔탄면 율암리 483-26
형도,37.28045807,126.6716785,경기 화성시 송산면 독지리
홍난파생가,37.17908665,126.833838,경기 화성시 남양읍 활초리 283-1
화산체육공원,37.21364946,127.0254253,경기 화성시 송산동 5-1
화성공룡알화석지,37.26023734,126.7650029,경기 화성시 송산면 고정리 산 5-4
화성남양리신빈김씨묘역,37.19735779,126.8322707,경기 화성시 남양읍 남양리 산 131-17
화성당성,37.19504099,126.7125605,경기 화성시 서신면 상안리 산 32
화성시역사박물관,37.13259838,126.9280416,경기 화성시 향남읍 행정리 478
화성식염온천,37.09314885,126.8666322,경기 화성시 장안면 수촌리 25
화성우리꽃식물원,37.11543315,126.8828718,경기 화성시 팔탄면 매곡리 179-18
화성월문온천,37.11458883,126.8766286,경기 화성시 팔탄면 월문리 235-14
화수관광농원,37.11140755,126.7975556,경기 화성시 우정읍 화수리 43-17
화합공원,37.10552818,126.9055817,경기 화성시 향남읍 상신리 1254
